"Data Source","World Development Indicators",

"Last Updated Date","2017-12-22",

"Country Name","Country Code","Indicator Name","Indicator Code","1960","1961","1962","1963","1964","1965","1966","1967","1968","1969","1970","1971","1972","1973","1974","1975","1976","1977","1978","1979","1980","1981","1982","1983","1984","1985","1986","1987","1988","1989","1990","1991","1992","1993","1994","1995","1996","1997","1998","1999","2000","2001","2002","2003","2004","2005","2006","2007","2008","2009","2010","2011","2012","2013","2014","2015","2016","2017",
"Aruba","ABW","S&P Global Equity Indices (annual % change)","CM.MKT.INDX.ZG","","","","","","","","","","","","","","","","","","","","","","","","","","","","","","","","","","","","","","","","","","","","","","","","","","","","","","","","","","",
"Afghanistan","AFG","S&P Global Equity Indices (annual % change)","CM.MKT.INDX.ZG","","","","","","","","","","","","","","","","","","","","","","","","","","","","","","","","","","","","","","","","","","","","","","","","","","","","","","","","","","",
"Angola","AGO","S&P Global Equity Indices (annual % change)","CM.MKT.INDX.ZG","","","","","","","","","","","","","","","","","","","","","","","","","","","","","","","","","","","","","","","","","","","","","","","","","","","","","","","","","","",
"Albania","ALB","S&P Global Equity Indices (annual % change)","CM.MKT.INDX.ZG","","","","","","","","","","","","","","","","","","","","","","","","","","","","","","","","","","","","","","","","","","","","","","","","","","","","","","","","","","",
"Andorra","AND","S&P Global Equity Indices (annual % change)","CM.MKT.INDX.ZG","","","","","","","","","","","","","","","","","","","","","","","","","","","","","","","","","","","","","","","","","","","","","","","","","","","","","","","","","","",
"Arab World","ARB","S&P Global Equity Indices (annual % change)","CM.MKT.INDX.ZG","","","","","","","","","","","","","","","","","","","","","","","","","","","","","","","","","","","","","","","","","","","","","","","","","","","","","","","","","","",
"United Arab Emirates","ARE","S&P Global Equity Indices (annual % change)","CM.MKT.INDX.ZG","","","","","","","","","","","","","","","","","","","","","","","","","","","","","","","","","","","","","","","","","","","","","","","-44.5861508174","52.1316033364226","","24.5743671682","-6.78880167424236","-16.4789981112696","24.2167083459256","29.5927917227153","12.7423925558553","-18.0871884395433","8.38572973566958","",
"Argentina","ARG","S&P Global Equity Indices (annual % change)","CM.MKT.INDX.ZG","","","","","","","","","","","","","","","","","","","","","","","","","","","","","","","","","","","","","18.7000007629","17.3803005219","-28.5112991333","33.4000015259","-25.1301326752","-31.6675872803","-51.4000015259","131.3899993896","24.6200008392","45.3879423329","57.6475466732","0.66903019213175","-56.160749787","97.8385758533","55.3178821686445","-30.2236032553253","-15.8729748197112","82.3969200485462","7.32253105849918","-10.2158387523919","13.9766567267658","",
"Armenia","ARM","S&P Global Equity Indices (annual % change)","CM.MKT.INDX.ZG","","","","","","","","","","","","","","","","","","","","","","","","","","","","","","","","","","","","","","","","","","","","","","","","","","","","","","","","","","",
"American Samoa","ASM","S&P Global Equity Indices (annual % change)","CM.MKT.INDX.ZG","","","","","","","","","","","","","","","","","","","","","","","","","","","","","","","","","","","","","","","","","","","","","","","","","","","","","","","","","","",
"Antigua and Barbuda","ATG","S&P Global Equity Indices (annual % change)","CM.MKT.INDX.ZG","","","","","","","","","","","","","","","","","","","","","","","","","","","","","","","","","","","","","","","","","","","","","","","","","","","","","","","","","","",
"Australia","AUS","S&P Global Equity Indices (annual % change)","CM.MKT.INDX.ZG","","","","","","","","","","","","","","","","","","","","","","","","","","","","","","","-22.4115388274438","28.5554932230591","-15.5935084655491","34.2412","0.410455210471916","9.84938297616626","17.9306320592375","-8.8839638525238","1.01379592093271","18.1843352953621","-8.74607449057219","-0.278196213139148","-2.12706256975032","47.1142700244307","29.0921634563034","11.7041905529075","28.5832151425395","25.1505157614917","-54.0847414573636","72.3744821747435","12.4909195260715","-15.7144146292547","15.0242886382768","-1.71123184588485","-8.28065385379522","-12.9619961086404","7.00705843849538","",
"Austria","AUT","S&P Global Equity Indices (annual % change)","CM.MKT.INDX.ZG","","","","","","","","","","","","","","","","","","","","","","","","","","","","","","","8.33296032183433","-19.2069590412596","-20.0922455117812","38.5882","-4.87826524913377","-4.29857199749673","2.16002117932035","-1.67093530013757","0.213363128421107","-6.52710532925679","-14.8616285818499","-5.33618151308396","18.2210790251795","57.1492478593941","61.3013164949202","21.8768485139343","37.1214172104393","-0.41915105424295","-65.3176795753793","57.0214923356471","10.9048179087599","-35.8361630708702","29.8517547112932","12.5680450801661","-21.0825851483827","0.819819900213004","4.1701634500833","",
"Azerbaijan","AZE","S&P Global Equity Indices (annual % change)","CM.MKT.INDX.ZG","","","","","","","","","","","","","","","","","","","","","","","","","","","","","","","","","","","","","","","","","","","","","","","","","","","","","","","","","","",
"Burundi","BDI","S&P Global Equity Indices (annual % change)","CM.MKT.INDX.ZG","","","","","","","","","","","","","","","","","","","","","","","","","","","","","","","","","","","","","","","","","","","","","","","","","","","","","","","","","","",
"Belgium","BEL","S&P Global Equity Indices (annual % change)","CM.MKT.INDX.ZG","","","","","","","","","","","","","","","","","","","","","","","","","","","","","","","-11.6493907175993","7.58605789280637","-6.59486925616824","21.05","5.69698471705908","22.3705745070975","12.2101188936472","13.9582789037469","63.832936080604","-13.6737505537224","-16.5132061291922","-15.9272786341013","-17.3525155675776","34.8841371761287","40.0105705382579","6.77123578728092","43.8478360175731","-3.13109730501218","-65.5731620277421","54.4694201872394","0.502780286766202","-15.0585121778465","33.319350475813","23.4567032384176","1.25849576902628","9.37057341767897","-7.73870372417026","",
"Benin","BEN","S&P Global Equity Indices (annual % change)","CM.MKT.INDX.ZG","","","","","","","","","","","","","","","","","","","","","","","","","","","","","","","","","","","","","","","","","","","","","","","","","","","","","","","","","","",
"Burkina Faso","BFA","S&P Global Equity Indices (annual % change)","CM.MKT.INDX.ZG","","","","","","","","","","","","","","","","","","","","","","","","","","","","","","","","","","","","","","","","","","","","","","","","","","","","","","","","","","",
"Bangladesh","BGD","S&P Global Equity Indices (annual % change)","CM.MKT.INDX.ZG","","","","","","","","","","","","","","","","","","","","","","","","","","","","","","","","","","","","","","-67.659797668457","-38.4791984558105","-17.5","28.4874286652","-20.6722431183","-4.2399997711","15.3699998856","104.3000030518","-27.7493831512","12.8552262471","126.391440613855","4.253389345","38.6369413514","37.6415050238572","-42.3084397147464","-14.3200475570802","-1.37650183718355","18.5413545960869","-5.37624941281915","7.38073240978265","",
"Bulgaria","BGR","S&P Global Equity Indices (annual % change)","CM.MKT.INDX.ZG","","","","","","","","","","","","","","","","","","","","","","","","","","","","","","","","","","","","","","-70.5053024291992","-30.0797004699707","-23.7000007629395","-29.9595146179","-7.5144510269","62.5","189.2299957275","82.6999969482","16.4483260553","31.4375","39.0394674274845","-70.2120383037","17.2226949347","-15.1638477266015","-22.1000412701959","-8.07436493850022","43.1252771041637","-21.6286274331472","-20.1957451080887","15.5458813705494","",
"Bahrain","BHR","S&P Global Equity Indices (annual % change)","CM.MKT.INDX.ZG","","","","","","","","","","","","","","","","","","","","","","","","","","","","","","","","","","","","","","","","3.5","","-2.9246892929","7.4400000572","","35.4000015259","20.8011809703","-2.2440704327","34.9906244672993","","-19.9687927902","9.96791011925158","-14.3684307022993","-4.4748450754671","35.8313389524081","4.12569134932708","-12.3409493724338","18.5516927195231","",
"Bahamas, The","BHS","S&P Global Equity Indices (annual % change)","CM.MKT.INDX.ZG","","","","","","","","","","","","","","","","","","","","","","","","","","","","","","","","","","","","","","","","","","","","","","","","","","","","","","","","","","",
"Bosnia and Herzegovina","BIH","S&P Global Equity Indices (annual % change)","CM.MKT.INDX.ZG","","","","","","","","","","","","","","","","","","","","","","","","","","","","","","","","","","","","","","","","","","","","","","","","","","","","","","","","","","",
"Belarus","BLR","S&P Global Equity Indices (annual % change)","CM.MKT.INDX.ZG","","","","","","","","","","","","","","","","","","","","","","","","","","","","","","","","","","","","","","","","","","","","","","","","","","","","","","","","","","",
"Belize","BLZ","S&P Global Equity Indices (annual % change)","CM.MKT.INDX.ZG","","","","","","","","","","","","","","","","","","","","","","","","","","","","","","","","","","","","","","","","","","","","","","","","","","","","","","","","","","",
"Bermuda","BMU","S&P Global Equity Indices (annual % change)","CM.MKT.INDX.ZG","","","","","","","","","","","","","","","","","","","","","","","","","","","","","","","","","","","","","","","","","","","","","","","","","","","","","","","","","","",
"Bolivia","BOL","S&P Global Equity Indices (annual % change)","CM.MKT.INDX.ZG","","","","","","","","","","","","","","","","","","","","","","","","","","","","","","","","","","","","","","","","","","","","","","","","","","","","","","","","","","",
"Brazil","BRA","S&P Global Equity Indices (annual % change)","CM.MKT.INDX.ZG","","","","","","","","","","","","","","","","","","","","","","","","","","","","","","","","","","","","","29.7999992371","21.7630004883","-43.0027999878","66.9000015259","-10.3367166519","-22.5126304626","-32.9599990845","105.3700027466","33.6800003052","47.6437026314","43.0665943776","74.671633487337","-57.1782692388","125.1100585124","6.50041169396876","-24.4143306774468","-0.269773966585163","-19.1393488526925","-18.3777239149514","-44.2980795091941","62.5686403581319","",
"Barbados","BRB","S&P Global Equity Indices (annual % change)","CM.MKT.INDX.ZG","","","","","","","","","","","","","","","","","","","","","","","","","","","","","","","","","","","","","","","","","","","","","","","","","","","","","","","","","","",
"Brunei Darussalam","BRN","S&P Global Equity Indices (annual % change)","CM.MKT.INDX.ZG","","","","","","","","","","","","","","","","","","","","","","","","","","","","","","","","","","","","","","","","","","","","","","","","","","","","","","","","","","",
"Bhutan","BTN","S&P Global Equity Indices (annual % change)","CM.MKT.INDX.ZG","","","","","","","","","","","","","","","","","","","","","","","","","","","","","","","","","","","","","","","","","","","","","","","","","","","","","","","","","","",
"Botswana","BWA","S&P Global Equity Indices (annual % change)","CM.MKT.INDX.ZG","","","","","","","","","","","","","","","","","","","","","","","","","","","","","","","","","","","","","","99.7742004394531","9.19250011444092","45.5999984741211","-6.913131237","43.9385375977","31.1499996185","25.5699996948","21.1000003815","-3.2418952618","53.0178069353","37.2144300851351","-38.4063146305","24.3338143668","-6.76803855778088","-7.48314427715363","8.09822546366208","8.17236581107828","-0.754624585409391","-2.74850584499394","-11.3185178008699","",
"Central African Republic","CAF","S&P Global Equity Indices (annual % change)","CM.MKT.INDX.ZG","","","","","","","","","","","","","","","","","","","","","","","","","","","","","","","","","","","","","","","","","","","","","","","","","","","","","","","","","","",
"Canada","CAN","S&P Global Equity Indices (annual % change)","CM.MKT.INDX.ZG","","","","","","","","","","","","","","","","","","","","","","","","","","","","","","","-17.0886817527296","7.55628115755005","-13.5588180378543","23.516","-7.46478189060527","15.3231352333157","25.2872516776105","7.62350846703261","-10.0600348843752","33.1289337586479","3.97284863749783","-18.1290012044572","-12.3554642863058","53.622410674245","22.2693130847636","25.9754548109717","16.2632299884529","26.4269936425428","-49.0401766877494","57.5330904314842","22.0277204306522","-14.7064259140067","5.99381772938306","2.97976062435605","-2.13617344817959","-26.1668346573362","22.562032632035","",
"Central Europe and the Baltics","CEB","S&P Global Equity Indices (annual % change)","CM.MKT.INDX.ZG","","","","","","","","","","","","","","","","","","","","","","","","","","","","","","","","","","","","","","","","","","","","","","","","","","","","","","","","","","",
"Switzerland","CHE","S&P Global Equity Indices (annual % change)","CM.MKT.INDX.ZG","","","","","","","","","","","","","","","","","","","","","","","","","","","","","","","-6.39279403429612","8.52773460827485","9.39542617723152","40.7704","1.9606394526122","39.8533690423771","1.309307280699","42.4536155778684","21.7306117038628","-6.29072067657575","9.43269188869897","-23.3576553525541","-11.8385927212232","33.7806928766375","14.1223116083943","14.8043687166861","26.9645467601576","4.95553696952578","-30.5979397772691","24.505048918857","11.038744941184","-9.41075661636812","18.1294369033328","25.7346967102522","-0.479565739322629","-0.827568156673308","-6.1250691059213","",
"Channel Islands","CHI","S&P Global Equity Indices (annual % change)","CM.MKT.INDX.ZG","","","","","","","","","","","","","","","","","","","","","","","","","","","","","","","","","","","","","","","","","","","","","","","","","","","","","","","","","","",
"Chile","CHL","S&P Global Equity Indices (annual % change)","CM.MKT.INDX.ZG","","","","","","","","","","","","","","","","","","","","","","","","","","","","","","","","","","","","","-17.1000003815","3.6168000698","-29.7670001984","35.7999992371","-15.2117872238","-8.3286828995","-14.8400001526","79.4700012207","18.2800006866","14.652299618","28.6281420267","22.6305015353122","-41.242865306","83.9903475206","47.2403307767836","-24.1365742906758","11.4041137615063","-22.0593723612252","-12.8960164797768","-19.1565736233617","16.6554767704287","",
"China","CHN","S&P Global Equity Indices (annual % change)","CM.MKT.INDX.ZG","","","","","","","","","","","","","","","","","","","","","","","","","","","","","","","","","","","","","36.2999992371","-25","-52.6497001648","102.1999969482","-9.8035507202","-19.4764404297","-14.5100002289","77.6699981689","-2.1099998951","13.3111771908","80.7193578265","66.6097206799351","-52.7044347603","66.2637916011","6.91468273403615","-21.6726736051879","17.1711747606138","7.26434807444456","3.02638337253336","-6.00718204917274","-2.02499777737666","",
"Cote d'Ivoire","CIV","S&P Global Equity Indices (annual % change)","CM.MKT.INDX.ZG","","","","","","","","","","","","","","","","","","","","","","","","","","","","","","","","","","","","","","-10.5727996826172","4.41900014877319","-12.1000003814697","-25.5789470673","-2.3691654205","17.3600006104","27.3600006104","41.0999984741","16.8660218623","35.5533790402","115.556358381503","-16.9392954111","-10.7101824561","19.3249243859278","-15.1533511617011","27.1939276115438","37.4827405658476","0.0443070411803248","7.589782196825","-1.25730575112568","",
"Cameroon","CMR","S&P Global Equity Indices (annual % change)","CM.MKT.INDX.ZG","","","","","","","","","","","","","","","","","","","","","","","","","","","","","","","","","","","","","","","","","","","","","","","","","","","","","","","","","","",
"Congo, Dem. Rep.","COD","S&P Global Equity Indices (annual % change)","CM.MKT.INDX.ZG","","","","","","","","","","","","","","","","","","","","","","","","","","","","","","","","","","","","","","","","","","","","","","","","","","","","","","","","","","",
"Congo, Rep.","COG","S&P Global Equity Indices (annual % change)","CM.MKT.INDX.ZG","","","","","","","","","","","","","","","","","","","","","","","","","","","","","","","","","","","","","","","","","","","","","","","","","","","","","","","","","","",
"Colombia","COL","S&P Global Equity Indices (annual % change)","CM.MKT.INDX.ZG","","","","","","","","","","","","","","","","","","","","","","","","","","","","","","","","","","","","","5.90000009536743","30.3687000274658","-46.7705993652344","-19.7000007629395","-43.7677230835","25.191947937","9.7299995422","27.2700004578","115.3899993896","108.0565572215","12.6576396807","12.7362393504","","75.7217160445","44.0582676379378","-12.0037784367257","29.1424334306926","-17.8416965096053","-19.7966430247872","-41.0415907062282","22.6975460896323","",
"Comoros","COM","S&P Global Equity Indices (annual % change)","CM.MKT.INDX.ZG","","","","","","","","","","","","","","","","","","","","","","","","","","","","","","","","","","","","","","","","","","","","","","","","","","","","","","","","","","",
"Cabo Verde","CPV","S&P Global Equity Indices (annual % change)","CM.MKT.INDX.ZG","","","","","","","","","","","","","","","","","","","","","","","","","","","","","","","","","","","","","","","","","","","","","","","","","","","","","","","","","","",
"Costa Rica","CRI","S&P Global Equity Indices (annual % change)","CM.MKT.INDX.ZG","","","","","","","","","","","","","","","","","","","","","","","","","","","","","","","","","","","","","","","","","","","","","","","","","","","","","","","","","","",
"Caribbean small states","CSS","S&P Global Equity Indices (annual % change)","CM.MKT.INDX.ZG","","","","","","","","","","","","","","","","","","","","","","","","","","","","","","","","","","","","","","","","","","","","","","","","","","","","","","","","","","",
"Cuba","CUB","S&P Global Equity Indices (annual % change)","CM.MKT.INDX.ZG","","","","","","","","","","","","","","","","","","","","","","","","","","","","","","","","","","","","","","","","","","","","","","","","","","","","","","","","","","",
"Curacao","CUW","S&P Global Equity Indices (annual % change)","CM.MKT.INDX.ZG","","","","","","","","","","","","","","","","","","","","","","","","","","","","","","","","","","","","","","","","","","","","","","","","","","","","","","","","","","",
"Cayman Islands","CYM","S&P Global Equity Indices (annual % change)","CM.MKT.INDX.ZG","","","","","","","","","","","","","","","","","","","","","","","","","","","","","","","","","","","","","","","","","","","","","","","","","","","","","","","","","","",
"Cyprus","CYP","S&P Global Equity Indices (annual % change)","CM.MKT.INDX.ZG","","","","","","","","","","","","","","","","","","","","","","","","","","","","","","","","","","","","","","","","","","","","","","","","","","","","-71.9066555204386","-41.2476515414393","-56.8169279021725","-43.3293447463191","-40.9004532829316","-2.14952509094357","",
"Czech Republic","CZE","S&P Global Equity Indices (annual % change)","CM.MKT.INDX.ZG","","","","","","","","","","","","","","","","","","","","","","","","","","","","","","","","","","","","","16.8999996185","-22.0067996979","-7.2550997734","4.1999998093","-0.5673222542","-13.7124385834","38.9000015259","54.4399986267","76.3399963379","43.5180329779","30.9028905489","49.7208783029401","-45.9255116414","23.0087296919","0.205950126183674","-15.0180645196905","-3.22701641870823","-15.6930603290126","-10.4571047332061","-13.1225672376962","-6.57888019091982","",
"Germany","DEU","S&P Global Equity Indices (annual % change)","CM.MKT.INDX.ZG","","","","","","","","","","","","","","","","","","","","","","","","","","","","","","","-11.8601246048201","11.1624044967553","-8.00097184183425","36.6839993219018","4.12874878993665","15.6528316509426","17.9822851560564","28.022659666039","25.2398359017979","20.0661110078307","-13.4611452079545","-24.5582984012907","-33.5390062175837","64.0304664509386","16.7546801486211","10.2614696264469","35.9567181778216","36.4105345182721","-42.7978603444026","25.8243109321428","7.35079127959819","-16.6410044832911","29.05965","25.48175","2.65269844726219","9.560504","6.87004852457551","",
"Djibouti","DJI","S&P Global Equity Indices (annual % change)","CM.MKT.INDX.ZG","","","","","","","","","","","","","","","","","","","","","","","","","","","","","","","","","","","","","","","","","","","","","","","","","","","","","","","","","","",
"Dominica","DMA","S&P Global Equity Indices (annual % change)","CM.MKT.INDX.ZG","","","","","","","","","","","","","","","","","","","","","","","","","","","","","","","","","","","","","","","","","","","","","","","","","","","","","","","","","","",
"Denmark","DNK","S&P Global Equity Indices (annual % change)","CM.MKT.INDX.ZG","","","","","","","","","","","","","","","","","","","","","","","","","","","","","","","-2.7341629020436","11.6332586639393","-28.8676440252378","33.5597","3.49154722569758","18.1461117180209","21.3246861243158","28.6404238845926","7.89604295447368","-0.075054681917619","14.2336907294979","-16.7998221125221","-12.2812445198656","55.8245989883699","30.3897645658543","20.962440724516","38.2085385697677","19.4662206018662","-50.9941907074769","40.602519544977","25.0633358287806","-17.3068921017894","29.4043742387854","31.2762913261746","6.48737791875065","22.3698233979787","-14.031817775527","",
"Dominican Republic","DOM","S&P Global Equity Indices (annual % change)","CM.MKT.INDX.ZG","","","","","","","","","","","","","","","","","","","","","","","","","","","","","","","","","","","","","","","","","","","","","","","","","","","","","","","","","","",
"Algeria","DZA","S&P Global Equity Indices (annual % change)","CM.MKT.INDX.ZG","","","","","","","","","","","","","","","","","","","","","","","","","","","","","","","","","","","","","","","","","","","","","","","","","","","","","","","","","","",
"East Asia & Pacific (excluding high income)","EAP","S&P Global Equity Indices (annual % change)","CM.MKT.INDX.ZG","","","","","","","","","","","","","","","","","","","","","","","","","","","","","","","","","","","","","","","","","","","","","","","","","","","","","","","","","","",
"Early-demographic dividend","EAR","S&P Global Equity Indices (annual % change)","CM.MKT.INDX.ZG","","","","","","","","","","","","","","","","","","","","","","","","","","","","","","","","","","","","","","","","","","","","","","","","","","","","","","","","","","",
"East Asia & Pacific","EAS","S&P Global Equity Indices (annual % change)","CM.MKT.INDX.ZG","","","","","","","","","","","","","","","","","","","","","","","","","","","","","","","","","","","","","","","","","","","","","","","","","","","","","","","","","","",
"Europe & Central Asia (excluding high income)","ECA","S&P Global Equity Indices (annual % change)","CM.MKT.INDX.ZG","","","","","","","","","","","","","","","","","","","","","","","","","","","","","","","","","","","","","","","","","","","","","","","","","","","","","","","","","","",
"Europe & Central Asia","ECS","S&P Global Equity Indices (annual % change)","CM.MKT.INDX.ZG","","","","","","","","","","","","","","","","","","","","","","","","","","","","","","","","","","","","","","","","","","","","","","","","","","","","","","","","","","",
"Ecuador","ECU","S&P Global Equity Indices (annual % change)","CM.MKT.INDX.ZG","","","","","","","","","","","","","","","","","","","","","","","","","","","","","","","","","","","","","","-8.72439956665039","-36.9025993347168","-77.0999984741211","33.004486084","85.3675003052","23.3500003815","14.6300001144","46.7000007629","25.9985984583","31.9660734149","3.75092192603519","-8.8047120951","-13.1474754638","9.69495483816079","-9.55280957837223","-7.44440927696819","12.2721831622868","0.726501440441329","-23.3710640771947","-19.0084559845617","",
"Egypt, Arab Rep.","EGY","S&P Global Equity Indices (annual % change)","CM.MKT.INDX.ZG","","","","","","","","","","","","","","","","","","","","","","","","","","","","","","","","","","","","","","","-30.8591995239","24.2000007629","-45.6464691162","-45.5297622681","-5.7800002098","79.3099975586","126.4000015259","158.0474351903","10.2171682627","52.237995500737","-55.8496815287","35.5539014605","11.5016378315223","-49.143834841225","41.1782029922822","12.0782886495252","26.3026425619473","-27.5003323715287","-22.8508907903659","",
"Euro area","EMU","S&P Global Equity Indices (annual % change)","CM.MKT.INDX.ZG","","","","","","","","","","","","","","","","","","","","","","","","","","","","","","","","","","","","","","","","","","","","","","","","","","","","","","","","","","",
"Eritrea","ERI","S&P Global Equity Indices (annual % change)","CM.MKT.INDX.ZG","","","","","","","","","","","","","","","","","","","","","","","","","","","","","","","","","","","","","","","","","","","","","","","","","","","","","","","","","","",
"Spain","ESP","S&P Global Equity Indices (annual % change)","CM.MKT.INDX.ZG","","","","","","","","","","","","","","","","","","","","","","","","","","","","","","","-13.2473304409051","10.2141293276981","-27.2341481410872","21.5114","-6.22698775588133","25.8357328849295","33.4024022306627","26.6294048052849","47.0220814094053","4.13601219635824","-17.5849414388991","-12.4237379418749","-13.7691997015549","54.935548121513","25.984489559872","3.37506606406033","46.977301768658","18.2088865819161","-42.8327799431936","29.0175983922494","-24.4961440703006","-16.7728154944785","1.50386171192447","31.6003991317039","-6.65366860428375","-17.4119723832975","-4.60016843196249","",
"Estonia","EST","S&P Global Equity Indices (annual % change)","CM.MKT.INDX.ZG","","","","","","","","","","","","","","","","","","","","","","","","","","","","","","","","","","","","","","","-65.4199981689453","42.2999992370605","4.470635891","-3.7152304649","66.2600021362","41.4799995422","70.5","22.8374017001","30.3297191282","-15.5285499304353","-65.4991596639","32.8901128749","56.0251493459843","-23.2867992669615","24.5541734761774","4.03294438504338","-28.4631143963907","6.10827026806273","16.8337247978081","",
"Ethiopia","ETH","S&P Global Equity Indices (annual % change)","CM.MKT.INDX.ZG","","","","","","","","","","","","","","","","","","","","","","","","","","","","","","","","","","","","","","","","","","","","","","","","","","","","","","","","","","",
"European Union","EUU","S&P Global Equity Indices (annual % change)","CM.MKT.INDX.ZG","","","","","","","","","","","","","","","","","","","","","","","","","","","","","","","","","","","","","","","","","","","","","","","","","","","","","","","","","","",
"Fragile and conflict affected situations","FCS","S&P Global Equity Indices (annual % change)","CM.MKT.INDX.ZG","","","","","","","","","","","","","","","","","","","","","","","","","","","","","","","","","","","","","","","","","","","","","","","","","","","","","","","","","","",
"Finland","FIN","S&P Global Equity Indices (annual % change)","CM.MKT.INDX.ZG","","","","","","","","","","","","","","","","","","","","","","","","","","","","","","","-26.0481906624701","-22.4974090838755","-16.1102680193047","78.3304","50.2253681929721","2.15018803833558","36.0822165492816","15.6122348144305","103.225673834805","138.575475092312","-10.5721930836202","-37.6064266855471","-28.0120098679347","19.5890274540251","6.20908954462522","13.5790366705212","28.5221205722893","39.5592052237198","-56.8471868955076","17.5198608559827","10.7226057441209","-33.0890695359779","12.6786254826915","35.4355466756062","-5.6258415902094","0.46848497953067","-1.01840088550605","",
"Fiji","FJI","S&P Global Equity Indices (annual % change)","CM.MKT.INDX.ZG","","","","","","","","","","","","","","","","","","","","","","","","","","","","","","","","","","","","","","","","","","","","","","","","","","","","","","","","","","",
"France","FRA","S&P Global Equity Indices (annual % change)","CM.MKT.INDX.ZG","","","","","","","","","","","","","","","","","","","","","","","","","","","","","","","-14.8455200677567","15.1665639259892","-1.12087538595409","13.9892305249145","-7.98977390975711","8.18812959501414","17.0077786690029","12.1834959340016","39.8795788205964","30.2242619079228","-6.90674775525723","-26.6013699252888","-21.2494591840362","38.896387030076","15.8791016875728","7.71370671085581","30.9971413657939","12.0123517946531","-45.1566339155847","25.6372503679538","-9.85056564563627","-19.47421470758","15.23066","17.98592","-0.540043529370682","8.526358902","4.85760374030098","",
"Faroe Islands","FRO","S&P Global Equity Indices (annual % change)","CM.MKT.INDX.ZG","","","","","","","","","","","","","","","","","","","","","","","","","","","","","","","","","","","","","","","","","","","","","","","","","","","","","","","","","","",
"Micronesia, Fed. Sts.","FSM","S&P Global Equity Indices (annual % change)","CM.MKT.INDX.ZG","","","","","","","","","","","","","","","","","","","","","","","","","","","","","","","","","","","","","","","","","","","","","","","","","","","","","","","","","","",
"Gabon","GAB","S&P Global Equity Indices (annual % change)","CM.MKT.INDX.ZG","","","","","","","","","","","","","","","","","","","","","","","","","","","","","","","","","","","","","","","","","","","","","","","","","","","","","","","","","","",
"United Kingdom","GBR","S&P Global Equity Indices (annual % change)","CM.MKT.INDX.ZG","","","","","","","","","","","","","","","","","","","","","","","","","","","","","","","5.89151496906264","12.7413799539017","-7.8090997222494","17.4676930088246","-5.02489101549467","19.180012801616","23.5707186161233","19.8010937292679","15.4861040085527","14.454652794341","-16.9145143583686","-18.3699655332899","-16.3583170874068","25.8128841139469","15.5199931036965","4.70329145024755","26.0582353175824","5.16378338697892","-49.5176185001164","35.2465623637037","5.23844731605201","-6.05035396943974","5.841953","14.43383","-2.71147665833468","-4.930940636","14.4258865293673","",
"Georgia","GEO","S&P Global Equity Indices (annual % change)","CM.MKT.INDX.ZG","","","","","","","","","","","","","","","","","","","","","","","","","","","","","","","","","","","","","","","","","","","","","","","","","","","","","","","","","","",
"Ghana","GHA","S&P Global Equity Indices (annual % change)","CM.MKT.INDX.ZG","","","","","","","","","","","","","","","","","","","","","","","","","","","","","","","","","","","","","","-32.3880996704102","17.284200668335","-33.5","-50.8990631104","4.4921875","27.5699996948","65.3799972534","32.7000007629","-33.9282735613","9.7197677354","21.5830648872527","-10.4087812263","-42.7000932925","94.0622373378049","-22.8177028708331","7.73527105338372","54.910959839869","-22.5243320251618","-29.6167779192867","-19.2593628916488","",
"Gibraltar","GIB","S&P Global Equity Indices (annual % change)","CM.MKT.INDX.ZG","","","","","","","","","","","","","","","","","","","","","","","","","","","","","","","","","","","","","","","","","","","","","","","","","","","","","","","","","","",
"Guinea","GIN","S&P Global Equity Indices (annual % change)","CM.MKT.INDX.ZG","","","","","","","","","","","","","","","","","","","","","","","","","","","","","","","","","","","","","","","","","","","","","","","","","","","","","","","","","","",
"Gambia, The","GMB","S&P Global Equity Indices (annual % change)","CM.MKT.INDX.ZG","","","","","","","","","","","","","","","","","","","","","","","","","","","","","","","","","","","","","","","","","","","","","","","","","","","","","","","","","","",
"Guinea-Bissau","GNB","S&P Global Equity Indices (annual % change)","CM.MKT.INDX.ZG","","","","","","","","","","","","","","","","","","","","","","","","","","","","","","","","","","","","","","","","","","","","","","","","","","","","","","","","","","",
"Equatorial Guinea","GNQ","S&P Global Equity Indices (annual % change)","CM.MKT.INDX.ZG","","","","","","","","","","","","","","","","","","","","","","","","","","","","","","","","","","","","","","","","","","","","","","","","","","","","","","","","","","",
"Greece","GRC","S&P Global Equity Indices (annual % change)","CM.MKT.INDX.ZG","","","","","","","","","","","","","","","","","","","","","","","","","","","","","","","","","","","","11.5339079933375","9.84129349753484","38.4506541101153","96.3914","50.0782111640326","-48.7882399682161","-32.4980671370905","-26.3824153218169","64.0896970989761","36.4829006080578","14.1269658901429","36.0688043222559","28.5600652294166","-66.4959679968321","22.1043881617709","-43.7504744332108","-58.3457642679418","24.6590703112545","46.4241463699511","-39.6514390160274","-47.9371840932929","-0.228662932431967","",
"Grenada","GRD","S&P Global Equity Indices (annual % change)","CM.MKT.INDX.ZG","","","","","","","","","","","","","","","","","","","","","","","","","","","","","","","","","","","","","","","","","","","","","","","","","","","","","","","","","","",
"Greenland","GRL","S&P Global Equity Indices (annual % change)","CM.MKT.INDX.ZG","","","","","","","","","","","","","","","","","","","","","","","","","","","","","","","","","","","","","","","","","","","","","","","","","","","","","","","","","","",
"Guatemala","GTM","S&P Global Equity Indices (annual % change)","CM.MKT.INDX.ZG","","","","","","","","","","","","","","","","","","","","","","","","","","","","","","","","","","","","","","","","","","","","","","","","","","","","","","","","","","",
"Guam","GUM","S&P Global Equity Indices (annual % change)","CM.MKT.INDX.ZG","","","","","","","","","","","","","","","","","","","","","","","","","","","","","","","","","","","","","","","","","","","","","","","","","","","","","","","","","","",
"Guyana","GUY","S&P Global Equity Indices (annual % change)","CM.MKT.INDX.ZG","","","","","","","","","","","","","","","","","","","","","","","","","","","","","","","","","","","","","","","","","","","","","","","","","","","","","","","","","","",
"High income","HIC","S&P Global Equity Indices (annual % change)","CM.MKT.INDX.ZG","","","","","","","","","","","","","","","","","","","","","","","","","","","","","","","","","","","","","","","","","","","","","","","","","","","","","","","","","","",
"Hong Kong SAR, China","HKG","S&P Global Equity Indices (annual % change)","CM.MKT.INDX.ZG","","","","","","","","","","","","","","","","","","","","","","","","","","","","","","","2.11225769961492","44.9926209001386","28.1937879854218","113.2023","-32.7857157263313","20.4223376579876","34.7253055460424","-21.9198951881971","-14.232689016238","58.1519519056611","-12.567156893204","-18.9522343496126","-18.92248459194","39.4362314394491","19.2580234371356","8.07599132659633","28.2076646089523","36.0896848880319","-53.8814799819749","67.1034738956805","21.286055833275","-20.1694324537805","22.624033095648","7.6244842702671","0.117343820071936","-5.36620886836691","-3.06862200048225","",
"Honduras","HND","S&P Global Equity Indices (annual % change)","CM.MKT.INDX.ZG","","","","","","","","","","","","","","","","","","","","","","","","","","","","","","","","","","","","","","","","","","","","","","","","","","","","","","","","","","",
"Heavily indebted poor countries (HIPC)","HPC","S&P Global Equity Indices (annual % change)","CM.MKT.INDX.ZG","","","","","","","","","","","","","","","","","","","","","","","","","","","","","","","","","","","","","","","","","","","","","","","","","","","","","","","","","","",
"Croatia","HRV","S&P Global Equity Indices (annual % change)","CM.MKT.INDX.ZG","","","","","","","","","","","","","","","","","","","","","","","","","","","","","","","","","","","","","","","-33.7900009155273","-18.1000003814697","10.9040594101","-3.5102312565","44.1899986267","12.7899999619","-7.6999998093","7.4176139626","85.1523249599","68.0618901910975","-59.2785984198","31.1147778051","-0.404287143330984","-30.3401615551312","-5.20249033406598","3.19653004295573","-12.6860519832889","-4.71678581799282","15.5085110869424","",
"Haiti","HTI","S&P Global Equity Indices (annual % change)","CM.MKT.INDX.ZG","","","","","","","","","","","","","","","","","","","","","","","","","","","","","","","","","","","","","","","","","","","","","","","","","","","","","","","","","","",
"Hungary","HUN","S&P Global Equity Indices (annual % change)","CM.MKT.INDX.ZG","","","","","","","","","","","","","","","","","","","","","","","","","","","","","","","","","","","","","99.9000015259","59.9593009949","-10.8350000381","15.1999998093","-28.2285251617","-10.2874631882","34.5800018311","28.5699996948","93.6900024414","16.0887576509","31.3717016311","13.0759253341354","-62.5355343873","72.9689789593","-10.7506563581079","-35.2892576768672","18.7316485041236","0.188237588221996","-28.6599026139915","28.7887068494834","32.8225446741065","",
"IBRD only","IBD","S&P Global Equity Indices (annual % change)","CM.MKT.INDX.ZG","","","","","","","","","","","","","","","","","","","","","","","","","","","","","","","","","","","","","","","","","","","","","","","","","","","","","","","","","","",
"IDA & IBRD total","IBT","S&P Global Equity Indices (annual % change)","CM.MKT.INDX.ZG","","","","","","","","","","","","","","","","","","","","","","","","","","","","","","","","","","","","","","","","","","","","","","","","","","","","","","","","","","",
"IDA total","IDA","S&P Global Equity Indices (annual % change)","CM.MKT.INDX.ZG","","","","","","","","","","","","","","","","","","","","","","","","","","","","","","","","","","","","","","","","","","","","","","","","","","","","","","","","","","",
"IDA blend","IDB","S&P Global Equity Indices (annual % change)","CM.MKT.INDX.ZG","","","","","","","","","","","","","","","","","","","","","","","","","","","","","","","","","","","","","","","","","","","","","","","","","","","","","","","","","","",
"Indonesia","IDN","S&P Global Equity Indices (annual % change)","CM.MKT.INDX.ZG","","","","","","","","","","","","","","","","","","","","","","","","","","","","","","","","","","","","","16.3999996185","-73.6289978027","-28.0748996735","95.0999984741","-61.0417098999","-18.5326080322","33.2900009155","69.7200012207","39.3400001526","9.0793650794","67.9278230501","49.2663200462161","-61.072838455","130.0666750379","37.8942154061573","1.13587231711458","2.81133204691368","-24.2073339294329","20.4795636610484","-23.0915672276102","16.3771094315401","",
"IDA only","IDX","S&P Global Equity Indices (annual % change)","CM.MKT.INDX.ZG","","","","","","","","","","","","","","","","","","","","","","","","","","","","","","","","","","","","","","","","","","","","","","","","","","","","","","","","","","",
"Isle of Man","IMN","S&P Global Equity Indices (annual % change)","CM.MKT.INDX.ZG","","","","","","","","","","","","","","","","","","","","","","","","","","","","","","","","","","","","","","","","","","","","","","","","","","","","","","","","","","",
"India","IND","S&P Global Equity Indices (annual % change)","CM.MKT.INDX.ZG","","","","","","","","","","","","","","","","","","","","","","","","","","","","","","","","","","","","","-2","5.8010001183","-22.9754009247","81","-31.0816631317","-19.915096283","6.8299999237","76.5199966431","20.0900001526","33.5628227194","46.7010309278","78.5804638088545","-64.1370218794","94.139968254","18.7224258612107","-38.0485305057138","23.3312226181684","-6.33589938485872","31.6288612947564","-3.910217675178","-0.150059361517285","",
"Not classified","INX","S&P Global Equity Indices (annual % change)","CM.MKT.INDX.ZG","","","","","","","","","","","","","","","","","","","","","","","","","","","","","","","","","","","","","","","","","","","","","","","","","","","","","","","","","","",
"Ireland","IRL","S&P Global Equity Indices (annual % change)","CM.MKT.INDX.ZG","","","","","","","","","","","","","","","","","","","","","","","","","","","","","","","-21.2416638786662","16.2568356305205","-18.8017740188412","36.2276","8.20391756149268","28.6521496082863","27.9235321631383","29.9537700207963","36.0874690093917","-17.4345317871919","9.14005586820863","-5.44196501320475","-21.2236318545416","49.8537042039988","38.007396662233","-1.01582462648099","41.2002059318203","-19.6200827705911","-69.9427019276167","44.7477815336482","-7.68454087008532","-1.52017475260596","19.4024771996844","43.1910174098504","0.811369541447871","24.1788483436368","-6.97547137428164","",
"Iran, Islamic Rep.","IRN","S&P Global Equity Indices (annual % change)","CM.MKT.INDX.ZG","","","","","","","","","","","","","","","","","","","","","","","","","","","","","","","","","","","","","","","","","","","","","","","","","","","","","","","","","","",
"Iraq","IRQ","S&P Global Equity Indices (annual % change)","CM.MKT.INDX.ZG","","","","","","","","","","","","","","","","","","","","","","","","","","","","","","","","","","","","","","","","","","","","","","","","","","","","","","","","","","",
"Iceland","ISL","S&P Global Equity Indices (annual % change)","CM.MKT.INDX.ZG","","","","","","","","","","","","","","","","","","","","","","","","","","","","","","","","","","","","","","","","","","","","","","","","","","","","","","","","","","",
"Israel","ISR","S&P Global Equity Indices (annual % change)","CM.MKT.INDX.ZG","","","","","","","","","","","","","","","","","","","","","","","","","","","","","","","","","","","","24.958197124425","-5.50234637440589","22.4961781192427","-7.78749999999999","73.7613664091094","8.58866989078804","-34.6266738624288","-30.5367584547391","60.1974175486203","13.8463945112793","23.2668739330178","-5.80379687330225","33.0096745023342","-34.6759285470998","56.7785027153632","7.3622508538296","-29.7404171436748","3.10300017711491","13.6219349816412","8.75527111896561","4.74899841708429","-17.0122605557596","",
"Italy","ITA","S&P Global Equity Indices (annual % change)","CM.MKT.INDX.ZG","","","","","","","","","","","","","","","","","","","","","","","","","","","","","","","-16.0274340275597","-3.00880273548541","-29.8840492522484","23.5368","10.1586733669643","-3.94807714211183","9.36106926817926","34.6065299800839","53.1712156590872","4.2753091877737","-1.9887899949436","-28.2002480575685","-9.64163763348137","37.1650215174263","27.2909360870279","-0.248618209708562","30.6153292889596","1.59618786429343","-52.5990622935372","23.0915862950327","-17.366069208783","-27.6095262258465","11.0280449959877","23.058106831617","-12.0202695490941","3.19987162825159","-13.0033903329379","",
"Jamaica","JAM","S&P Global Equity Indices (annual % change)","CM.MKT.INDX.ZG","","","","","","","","","","","","","","","","","","","","","","","","","","","","","","","","","","","","","","7.17399978637695","-21.2626991271973","1.89999997615814","45.5856018066","4.3412585258","40.0400009155","-3.4300000668","107.4000015259","-14.0506450072","-1.5475952238","0.322966777333606","-38.1900045025","-15.8318664926","22.361492314203","28.4287922086894","-18.5000327781226","-18.9328365405802","-4.3893540425805","74.8622195953126","22.8059960876318","",
"Jordan","JOR","S&P Global Equity Indices (annual % change)","CM.MKT.INDX.ZG","","","","","","","","","","","","","","","","","","","","","","","","","","","","","","","","","","","","","1.10000002384186","12.6252002716064","2.99629998207092","-3.59999990463257","-24.4781684875","31.3696060181","-2.1300001144","65.4199981689","55","117.8126778195","-35.9523909045","32.5871661418479","","-13.8977553837","-8.57226171299167","-16.2359660778975","-5.13654941750504","2.99627554717714","-0.817108533468869","0.854036349567222","-0.290513466217623","",
"Japan","JPN","S&P Global Equity Indices (annual % change)","CM.MKT.INDX.ZG","","","","","","","","","","","","","","","","","","","","","","","","","","","","","","","-34.7805082435667","3.55426732305109","-25.7114597344298","14.7264636899544","27.1462286649479","-3.09839112881909","-12.9900046747252","-29.7673469123785","2.69922652321859","53.3320702970988","-34.8611286104772","-33.2270502312133","-9.85463243573297","37.7408321588454","11.77294281914","22.5003507127811","5.92021395853009","-6.18727128323616","-27.7268491216425","16.3986267525504","9.61429239141556","-12.2388888387227","22.94204","56.71985","7.11704583609298","9.07088913555103","0.423774450698255","",
"Kazakhstan","KAZ","S&P Global Equity Indices (annual % change)","CM.MKT.INDX.ZG","","","","","","","","","","","","","","","","","","","","","","","","","","","","","","","","","","","","","","","","","","","","","","","","","-47.0327532159","1.5322945399","-0.969608982149439","-36.4027589809215","-12.6820854949153","-22.511704018824","-15.9849827233502","-47.6355250258743","29.601295685306","",
"Kenya","KEN","S&P Global Equity Indices (annual % change)","CM.MKT.INDX.ZG","","","","","","","","","","","","","","","","","","","","","","","","","","","","","","","","","","","","","","-10.9618997573853","13.8069000244141","-27.5","-8.1180286407","-22.7105102539","42.1899986267","186.2100067139","-15","59.9861981713","60.3019410496","11.8127186294735","-40.3056313172","0.5555379796","33.7982986502401","-31.6319731897204","43.2271717995317","37.9011088849567","13.8341195522648","-24.1568941839173","-11.8321106174885","",
"Kyrgyz Republic","KGZ","S&P Global Equity Indices (annual % change)","CM.MKT.INDX.ZG","","","","","","","","","","","","","","","","","","","","","","","","","","","","","","","","","","","","","","","","","","","","","","","","","","","","","","","","","","",
"Cambodia","KHM","S&P Global Equity Indices (annual % change)","CM.MKT.INDX.ZG","","","","","","","","","","","","","","","","","","","","","","","","","","","","","","","","","","","","","","","","","","","","","","","","","","","","","","","","","","",
"Kiribati","KIR","S&P Global Equity Indices (annual % change)","CM.MKT.INDX.ZG","","","","","","","","","","","","","","","","","","","","","","","","","","","","","","","","","","","","","","","","","","","","","","","","","","","","","","","","","","",
"St. Kitts and Nevis","KNA","S&P Global Equity Indices (annual % change)","CM.MKT.INDX.ZG","","","","","","","","","","","","","","","","","","","","","","","","","","","","","","","","","","","","","","","","","","","","","","","","","","","","","","","","","","",
"Korea, Rep.","KOR","S&P Global Equity Indices (annual % change)","CM.MKT.INDX.ZG","","","","","","","","","","","","","","","","","","","","","","","","","","","","","","","","","","","","","-38.7000007629","-68.9060974121","120.6911010742","106.5","-57.0997810364","51.2247085571","5.7600002289","","25.7099990845","58.8305394455","13.3003201281","27.6632378261446","-55.6178026766","67.2484420404","25.2581509199888","-10.8974013438549","18.8778300762924","3.14675154090391","-9.95934655874864","-5.01212077309577","2.24782794121015","",
"Kuwait","KWT","S&P Global Equity Indices (annual % change)","CM.MKT.INDX.ZG","","","","","","","","","","","","","","","","","","","","","","","","","","","","","","","","","","","","","","","","","","","","","","","-4.5869987433","39.9389331258","","-10.407782239","29.1240053301765","-21.3559500332989","-2.98520863480527","1.69853037968093","-8.73378429045708","-18.3070129735767","-2.03892935006361","",
"Latin America & Caribbean (excluding high income)","LAC","S&P Global Equity Indices (annual % change)","CM.MKT.INDX.ZG","","","","","","","","","","","","","","","","","","","","","","","","","","","","","","","","","","","","","","","","","","","","","","","","","","","","","","","","","","",
"Lao PDR","LAO","S&P Global Equity Indices (annual % change)","CM.MKT.INDX.ZG","","","","","","","","","","","","","","","","","","","","","","","","","","","","","","","","","","","","","","","","","","","","","","","","","","","","","","","","","","",
"Lebanon","LBN","S&P Global Equity Indices (annual % change)","CM.MKT.INDX.ZG","","","","","","","","","","","","","","","","","","","","","","","","","","","","","","","","","","","","","","","","-18","-18.5853652954","-29.2240867615","5.6900000572","0.9399999976","53.5","111.7715467115","-9.2257001647","40.5189218256369","-25.2666826118","43.3573717752","-8.70705156492172","-22.2123094834553","-2.32545343245923","-5.66954873525513","0.9733257720413","0.588921833300016","4.98577629807304","",
"Liberia","LBR","S&P Global Equity Indices (annual % change)","CM.MKT.INDX.ZG","","","","","","","","","","","","","","","","","","","","","","","","","","","","","","","","","","","","","","","","","","","","","","","","","","","","","","","","","","",
"Libya","LBY","S&P Global Equity Indices (annual % change)","CM.MKT.INDX.ZG","","","","","","","","","","","","","","","","","","","","","","","","","","","","","","","","","","","","","","","","","","","","","","","","","","","","","","","","","","",
"St. Lucia","LCA","S&P Global Equity Indices (annual % change)","CM.MKT.INDX.ZG","","","","","","","","","","","","","","","","","","","","","","","","","","","","","","","","","","","","","","","","","","","","","","","","","","","","","","","","","","",
"Latin America & Caribbean","LCN","S&P Global Equity Indices (annual % change)","CM.MKT.INDX.ZG","","","","","","","","","","","","","","","","","","","","","","","","","","","","","","","","","","","","","","","","","","","","","","","","","","","","","","","","","","",
"Least developed countries: UN classification","LDC","S&P Global Equity Indices (annual % change)","CM.MKT.INDX.ZG","","","","","","","","","","","","","","","","","","","","","","","","","","","","","","","","","","","","","","","","","","","","","","","","","","","","","","","","","","",
"Low income","LIC","S&P Global Equity Indices (annual % change)","CM.MKT.INDX.ZG","","","","","","","","","","","","","","","","","","","","","","","","","","","","","","","","","","","","","","","","","","","","","","","","","","","","","","","","","","",
"Liechtenstein","LIE","S&P Global Equity Indices (annual % change)","CM.MKT.INDX.ZG","","","","","","","","","","","","","","","","","","","","","","","","","","","","","","","","","","","","","","","","","","","","","","","","","","","","","","","","","","",
"Sri Lanka","LKA","S&P Global Equity Indices (annual % change)","CM.MKT.INDX.ZG","","","","","","","","","","","","","","","","","","","","","","","","","","","","","","","","","","","","","-8.60000038146973","22.3495998382568","-29.2014007568359","-6","-41.7301483154","36.5333976746","28.4099998474","35.6100006104","-59.2000007629","29.2938015736","45.2912801484","-10.5679844724","","118.0492938368","84.5905890543929","-23.0402532392771","-13.1027513614118","3.92762150966508","24.1622942341098","-19.3456197800392","-10.1757201893707","",
"Lower middle income","LMC","S&P Global Equity Indices (annual % change)","CM.MKT.INDX.ZG","","","","","","","","","","","","","","","","","","","","","","","","","","","","","","","","","","","","","","","","","","","","","","","","","","","","","","","","","","",
"Low & middle income","LMY","S&P Global Equity Indices (annual % change)","CM.MKT.INDX.ZG","","","","","","","","","","","","","","","","","","","","","","","","","","","","","","","","","","","","","","","","","","","","","","","","","","","","","","","","","","",
"Lesotho","LSO","S&P Global Equity Indices (annual % change)","CM.MKT.INDX.ZG","","","","","","","","","","","","","","","","","","","","","","","","","","","","","","","","","","","","","","","","","","","","","","","","","","","","","","","","","","",
"Late-demographic dividend","LTE","S&P Global Equity Indices (annual % change)","CM.MKT.INDX.ZG","","","","","","","","","","","","","","","","","","","","","","","","","","","","","","","","","","","","","","","","","","","","","","","","","","","","","","","","","","",
"Lithuania","LTU","S&P Global Equity Indices (annual % change)","CM.MKT.INDX.ZG","","","","","","","","","","","","","","","","","","","","","","","","","","","","","","","","","","","","","","8.65289974212646","-39.1767997741699","9.5","4.9087190628","-23.6262550354","25.6700000763","117.9000015259","56.2000007629","6.1944751381","9.6830582898","14.3076689560961","-73.0177436221","36.6708546954","43.9566745969145","-16.1387949523351","14.9173814328293","11.4196168044771","-15.415764109581","-10.4512642921744","14.5589545463737","",
"Luxembourg","LUX","S&P Global Equity Indices (annual % change)","CM.MKT.INDX.ZG","","","","","","","","","","","","","","","","","","","","","","","","","","","","","","","","","","","","","","","","","","","","","","","24.3809112206794","41.8737521725528","-64.261475441254","76.7317182561847","-3.34476690251739","-34.4468012421858","0.552522370152109","9.95857399980449","-14.353719567231","-29.2599326041912","16.9077292120166","",
"Latvia","LVA","S&P Global Equity Indices (annual % change)","CM.MKT.INDX.ZG","","","","","","","","","","","","","","","","","","","","","","","","","","","","","","","","","","","","","","","-67.4000015258789","-9.5","41.1924133301","60.100769043","-14.0900001526","62.5900001526","49.7999992371","32.8298374973","1.5090272164","1.86886116272897","-58.7064158024","2.1896525738","39.4144284661119","-17.3405462950079","9.01754704817075","31.6579021063842","-32.6404280806232","18.2762410736435","1.81104608421485","",
"Macao SAR, China","MAC","S&P Global Equity Indices (annual % change)","CM.MKT.INDX.ZG","","","","","","","","","","","","","","","","","","","","","","","","","","","","","","","","","","","","","","","","","","","","","","","","","","","","","","","","","","",
"St. Martin (French part)","MAF","S&P Global Equity Indices (annual % change)","CM.MKT.INDX.ZG","","","","","","","","","","","","","","","","","","","","","","","","","","","","","","","","","","","","","","","","","","","","","","","","","","","","","","","","","","",
"Morocco","MAR","S&P Global Equity Indices (annual % change)","CM.MKT.INDX.ZG","","","","","","","","","","","","","","","","","","","","","","","","","","","","","","","","","","","","","","","28.6613006592","-7.8000001907","-19.1431522369","-17.2802944183","-8.1199998856","43.9900016785","18.2700004578","8.3791973286","78.5347483738","45.2668584212209","-16.9578034936","-1.6538113352","13.0950428652235","-17.7216258484154","-14.6981818508716","0.479967389350744","-3.13549760434075","-13.2262873657696","31.5192751166751","",
"Monaco","MCO","S&P Global Equity Indices (annual % change)","CM.MKT.INDX.ZG","","","","","","","","","","","","","","","","","","","","","","","","","","","","","","","","","","","","","","","","","","","","","","","","","","","","","","","","","","",
"Moldova","MDA","S&P Global Equity Indices (annual % change)","CM.MKT.INDX.ZG","","","","","","","","","","","","","","","","","","","","","","","","","","","","","","","","","","","","","","","","","","","","","","","","","","","","","","","","","","",
"Madagascar","MDG","S&P Global Equity Indices (annual % change)","CM.MKT.INDX.ZG","","","","","","","","","","","","","","","","","","","","","","","","","","","","","","","","","","","","","","","","","","","","","","","","","","","","","","","","","","",
"Maldives","MDV","S&P Global Equity Indices (annual % change)","CM.MKT.INDX.ZG","","","","","","","","","","","","","","","","","","","","","","","","","","","","","","","","","","","","","","","","","","","","","","","","","","","","","","","","","","",
"Middle East & North Africa","MEA","S&P Global Equity Indices (annual % change)","CM.MKT.INDX.ZG","","","","","","","","","","","","","","","","","","","","","","","","","","","","","","","","","","","","","","","","","","","","","","","","","","","","","","","","","","",
"Mexico","MEX","S&P Global Equity Indices (annual % change)","CM.MKT.INDX.ZG","","","","","","","","","","","","","","","","","","","","","","","","","","","","","","","","","","","","","16.8999996185","48.8030014038","-38.9000015259","78.5","-21.4825077057","12.8221082687","-16.3799991608","30.3500003815","47.8899993896","43.8584197704","41.0606266567","12.8238794463784","-45.0672446252","55.8148893614","26.5959493481218","-14.8354129288411","26.8739639891169","0.23737426755075","-9.68449594709747","-14.9092940277509","-12.1275214611563","",
"Marshall Islands","MHL","S&P Global Equity Indices (annual % change)","CM.MKT.INDX.ZG","","","","","","","","","","","","","","","","","","","","","","","","","","","","","","","","","","","","","","","","","","","","","","","","","","","","","","","","","","",
"Middle income","MIC","S&P Global Equity Indices (annual % change)","CM.MKT.INDX.ZG","","","","","","","","","","","","","","","","","","","","","","","","","","","","","","","","","","","","","","","","","","","","","","","","","","","","","","","","","","",
"Macedonia, FYR","MKD","S&P Global Equity Indices (annual % change)","CM.MKT.INDX.ZG","","","","","","","","","","","","","","","","","","","","","","","","","","","","","","","","","","","","","","","","","","","","","","","","","","","","","","","","","","",
"Mali","MLI","S&P Global Equity Indices (annual % change)","CM.MKT.INDX.ZG","","","","","","","","","","","","","","","","","","","","","","","","","","","","","","","","","","","","","","","","","","","","","","","","","","","","","","","","","","",
"Malta","MLT","S&P Global Equity Indices (annual % change)","CM.MKT.INDX.ZG","","","","","","","","","","","","","","","","","","","","","","","","","","","","","","","","","","","","","","","","","","","","","","","","","","","","","","","","","","",
"Myanmar","MMR","S&P Global Equity Indices (annual % change)","CM.MKT.INDX.ZG","","","","","","","","","","","","","","","","","","","","","","","","","","","","","","","","","","","","","","","","","","","","","","","","","","","","","","","","","","",
"Middle East & North Africa (excluding high income)","MNA","S&P Global Equity Indices (annual % change)","CM.MKT.INDX.ZG","","","","","","","","","","","","","","","","","","","","","","","","","","","","","","","","","","","","","","","","","","","","","","","","","","","","","","","","","","",
"Montenegro","MNE","S&P Global Equity Indices (annual % change)","CM.MKT.INDX.ZG","","","","","","","","","","","","","","","","","","","","","","","","","","","","","","","","","","","","","","","","","","","","","","","","","","","","","","","","","","",
"Mongolia","MNG","S&P Global Equity Indices (annual % change)","CM.MKT.INDX.ZG","","","","","","","","","","","","","","","","","","","","","","","","","","","","","","","","","","","","","","","","","","","","","","","","","","","","","","","","","","",
"Northern Mariana Islands","MNP","S&P Global Equity Indices (annual % change)","CM.MKT.INDX.ZG","","","","","","","","","","","","","","","","","","","","","","","","","","","","","","","","","","","","","","","","","","","","","","","","","","","","","","","","","","",
"Mozambique","MOZ","S&P Global Equity Indices (annual % change)","CM.MKT.INDX.ZG","","","","","","","","","","","","","","","","","","","","","","","","","","","","","","","","","","","","","","","","","","","","","","","","","","","","","","","","","","",
"Mauritania","MRT","S&P Global Equity Indices (annual % change)","CM.MKT.INDX.ZG","","","","","","","","","","","","","","","","","","","","","","","","","","","","","","","","","","","","","","","","","","","","","","","","","","","","","","","","","","",
"Mauritius","MUS","S&P Global Equity Indices (annual % change)","CM.MKT.INDX.ZG","","","","","","","","","","","","","","","","","","","","","","","","","","","","","","","","","","","","","","5.32469987869263","1.3555999994278","-6.69999980926514","-19.3841285706","-21.8046035767","22.9099998474","43.6899986267","17.7999992371","10.4748288058","44.3430284041","93.9596998725874","-49.2384798793","44.2173036783","8.1923447077535","-2.51310099183869","-8.42717621228798","25.3501263116144","-7.03606791786021","-19.3291167558203","0.519643136491177","",
"Malawi","MWI","S&P Global Equity Indices (annual % change)","CM.MKT.INDX.ZG","","","","","","","","","","","","","","","","","","","","","","","","","","","","","","","","","","","","","","","","","","","","","","","","","","","","","","","","","","",
"Malaysia","MYS","S&P Global Equity Indices (annual % change)","CM.MKT.INDX.ZG","","","","","","","","","","","","","","","","","","","","","","","","","","","","","","","","","","","","","24.1000003815","-72.9235992432","-2.8854000568","44.5","-23.3307266235","4.1607179642","-2.5699999332","25.4599990845","12.720000267","-2.8636395935","34.6232626189","44.6448948540999","-43.6642999361","46.652829568","35.0639559526794","-1.13624179889086","11.4040289536571","4.3462887047909","-11.727590588064","-20.5505440633734","-6.81002155752835","",
"North America","NAC","S&P Global Equity Indices (annual % change)","CM.MKT.INDX.ZG","","","","","","","","","","","","","","","","","","","","","","","","","","","","","","","","","","","","","","","","","","","","","","","","","","","","","","","","","","",
"Namibia","NAM","S&P Global Equity Indices (annual % change)","CM.MKT.INDX.ZG","","","","","","","","","","","","","","","","","","","","","","","","","","","","","","","","","","","","","","","","5.30000019073486","-37.7564582825","-30.9781780243","22.4599990845","37.0999984741","36.7000007629","-1.1167805911","12.8419822802","39.3615185504746","-9.8873204557","22.6231952954","24.2016899814636","6.22900454617552","19.0116355568726","-0.104646392611962","6.17555149594555","-0.918138933269996","24.1713888961004","",
"New Caledonia","NCL","S&P Global Equity Indices (annual % change)","CM.MKT.INDX.ZG","","","","","","","","","","","","","","","","","","","","","","","","","","","","","","","","","","","","","","","","","","","","","","","","","","","","","","","","","","",
"Niger","NER","S&P Global Equity Indices (annual % change)","CM.MKT.INDX.ZG","","","","","","","","","","","","","","","","","","","","","","","","","","","","","","","","","","","","","","","","","","","","","","","","","","","","","","","","","","",
"Nigeria","NGA","S&P Global Equity Indices (annual % change)","CM.MKT.INDX.ZG","","","","","","","","","","","","","","","","","","","","","","","","","","","","","","","","","","","","","","-1.88999998569489","-28.4500007629395","-10.3000001907349","","25.1039733887","-0.2800000012","57.5400009155","23.8999996185","20.6932524065","33.9527757042","108.3032702742","","-35.3987413125","20.2921873394667","-29.5426338280078","52.948821126675","30.1624941160652","-31.8551732185481","-26.8280550427437","-42.2080341436879","",
"Nicaragua","NIC","S&P Global Equity Indices (annual % change)","CM.MKT.INDX.ZG","","","","","","","","","","","","","","","","","","","","","","","","","","","","","","","","","","","","","","","","","","","","","","","","","","","","","","","","","","",
"Netherlands","NLD","S&P Global Equity Indices (annual % change)","CM.MKT.INDX.ZG","","","","","","","","","","","","","","","","","","","","","","","","","","","","","","","-6.57745081679391","12.1765411075241","-2.3128411724022","30.7104","7.67521176585797","24.6418464332431","25.5803215404023","20.0339630246974","20.8380651575504","8.00164363532576","-6.74217633714156","-23.3730388315547","-20.9810663090758","26.5421468128692","11.3681505891055","10.7942251938445","30.7154503234449","20.3922966759326","-50.3942269980649","41.664302055065","1.15278853580223","-16.4220383623144","17.4672473955985","28.2836365014489","-3.28310234569736","0.531392160842659","2.92242680587838","",
"Norway","NOR","S&P Global Equity Indices (annual % change)","CM.MKT.INDX.ZG","","","","","","","","","","","","","","","","","","","","","","","","","","","","","","","-7.1680969207471","-10.4180500107935","-23.7421263745482","29.2152","19.699539992199","10.7623973621258","28.6857868666244","11.8253866014453","-31.1268657987797","39.2450092112269","-7.58450775711844","-16.7049663586673","-10.6497161482315","44.5748006171659","50.4861988104601","24.7287389200434","41.6291187256716","25.903506888365","-66.0652061608378","91.4137648352825","13.6893990012325","-18.0586553452425","16.3715493168162","8.07158825967715","-24.1085550760469","-17.3955407127499","13.8231859480871","",
"Nepal","NPL","S&P Global Equity Indices (annual % change)","CM.MKT.INDX.ZG","","","","","","","","","","","","","","","","","","","","","","","","","","","","","","","","","","","","","","","","","","","","","","","","","","","","","","","","","","",
"Nauru","NRU","S&P Global Equity Indices (annual % change)","CM.MKT.INDX.ZG","","","","","","","","","","","","","","","","","","","","","","","","","","","","","","","","","","","","","","","","","","","","","","","","","","","","","","","","","","",
"New Zealand","NZL","S&P Global Equity Indices (annual % change)","CM.MKT.INDX.ZG","","","","","","","","","","","","","","","","","","","","","","","","","","","","","","","-39.562223840055","6.31835198727524","-8.77627015360252","60.038","3.50473012659491","11.7131078215167","16.8188153102984","-19.8425423412054","-23.8736760459908","8.65905948280046","-26.5772057438433","4.49083417902902","19.9499112898752","51.5200587098985","30.2610037466376","-2.74346562515124","21.1883427996381","2.87790815149307","-52.4493062645739","40.4371719395066","5.23002531690029","-3.84960836632238","26.4550200931846","12.3330174663787","6.5618476544862","-4.57881906317507","6.73770499858928","",
"OECD members","OED","S&P Global Equity Indices (annual % change)","CM.MKT.INDX.ZG","","","","","","","","","","","","","","","","","","","","","","","","","","","","","","","","","","","","","","","","","","","","","","","","","","","","","","","","","","",
"Oman","OMN","S&P Global Equity Indices (annual % change)","CM.MKT.INDX.ZG","","","","","","","","","","","","","","","","","","","","","","","","","","","","","","","","","","","","","","","","7.19999980926514","","-26.9948883057","31.8199996948","46.9799995422","25.2000007629","37.9563417388","7.87977993","67.006659361","","21.9758668191","12.1776895795128","-14.0903171560852","-0.586383644808108","14.8580986697777","-3.58248537606407","-12.7913350778235","6.17930407041853","",
"Other small states","OSS","S&P Global Equity Indices (annual % change)","CM.MKT.INDX.ZG","","","","","","","","","","","","","","","","","","","","","","","","","","","","","","","","","","","","","","","","","","","","","","","","","","","","","","","","","","",
"Pakistan","PAK","S&P Global Equity Indices (annual % change)","CM.MKT.INDX.ZG","","","","","","","","","","","","","","","","","","","","","","","","","","","","","","","","","","","","","-19.2999992370605","26.8890991210938","-61.9221992492676","37.5","-16.6653842926","-32.7699279785","112.0299987793","50.3600006104","20.7000007629","58.4540435206","1.346642617","41.7473960966731","","56.7056671544","15.3202211456745","-18.8012606907273","26.2133501033816","30.924325888364","18.0662919474714","-11.5371560651469","33.3161656604091","",
"Panama","PAN","S&P Global Equity Indices (annual % change)","CM.MKT.INDX.ZG","","","","","","","","","","","","","","","","","","","","","","","","","","","","","","","","","","","","","","","","","","","","","","","","","-15.7023082497","15.4470986228","12.8347232678277","18.0372529956186","40.4296897065353","32.2703154359966","-18.4270423527886","-25.1918313022011","25.6141903778848","",
"Peru","PER","S&P Global Equity Indices (annual % change)","CM.MKT.INDX.ZG","","","","","","","","","","","","","","","","","","","","","","","","","","","","","","","","","","","","","-0.200000003","12.5324001312","-39.3125991821","19.7000007629","-28.0569725037","14.1696214676","33.5200004578","88.0500030518","-0.6999999881","29.7962158715","82.5260891946","66.3829350835812","-41.1296535996","79.2925832468","51.2581349939387","-21.3099568172178","17.39275097494","-28.0456176102994","-1.17364615598849","-34.407584714833","52.3094381084295","",
"Philippines","PHL","S&P Global Equity Indices (annual % change)","CM.MKT.INDX.ZG","","","","","","","","","","","","","","","","","","","","","","","","","","","","","","","","","","","","","13.1000003815","-61.5987014771","9.179599762","0.8999999762","-43.5507240295","-29.9244041443","-19.7199993134","41.4300003052","25.0100002289","21.3107701133","50.3014540726","36.0154160767658","-53.6517666108","71.5215469584","56.6690117861695","0.21508058455082","44.3777977280132","-7.89671352664021","21.6690899845965","-10.6388213652351","-3.28250329065581","",
"Palau","PLW","S&P Global Equity Indices (annual % change)","CM.MKT.INDX.ZG","","","","","","","","","","","","","","","","","","","","","","","","","","","","","","","","","","","","","","","","","","","","","","","","","","","","","","","","","","",
"Papua New Guinea","PNG","S&P Global Equity Indices (annual % change)","CM.MKT.INDX.ZG","","","","","","","","","","","","","","","","","","","","","","","","","","","","","","","","","","","","","","","","","","","","","","","","","","","","","","","","","","",
"Poland","POL","S&P Global Equity Indices (annual % change)","CM.MKT.INDX.ZG","","","","","","","","","","","","","","","","","","","","","","","","","","","","","","","","","","","","","71.8000030518","-18.5090999603","-12.2530002594","22.2999992371","-3.5347223282","-24.9485912323","2.1900000572","29.4899997711","59.2999992371","20.7877013777","38.1308680473","23.2217457717578","-57.7975257013","41.9001677078","11.259097690917","-33.354474162219","34.1228498018397","3.03604347039699","-16.3881947572345","-23.411114905057","2.4246117743203","",
"Pre-demographic dividend","PRE","S&P Global Equity Indices (annual % change)","CM.MKT.INDX.ZG","","","","","","","","","","","","","","","","","","","","","","","","","","","","","","","","","","","","","","","","","","","","","","","","","","","","","","","","","","",
"Puerto Rico","PRI","S&P Global Equity Indices (annual % change)","CM.MKT.INDX.ZG","","","","","","","","","","","","","","","","","","","","","","","","","","","","","","","","","","","","","","","","","","","","","","","","","","","","","","","","","","",
"Korea, Dem. People’s Rep.","PRK","S&P Global Equity Indices (annual % change)","CM.MKT.INDX.ZG","","","","","","","","","","","","","","","","","","","","","","","","","","","","","","","","","","","","","","","","","","","","","","","","","","","","","","","","","","",
"Portugal","PRT","S&P Global Equity Indices (annual % change)","CM.MKT.INDX.ZG","","","","","","","","","","","","","","","","","","","","","","","","","","","","","","","","","","","","-1.69949437778281","29.020482427183","48.7568390956774","33.1788","-8.35102884242836","-10.4143965524304","-22.6976876048854","-14.6727775635126","38.4341178134385","23.5072537796273","-4.64735896304754","41.9605338467806","23.760373776459","-53.4801914370315","35.0155926616158","-16.5614720769993","-30.9572958254506","3.02704145035542","22.7156270921853","-33.8397786360256","-0.678520504798685","-9.76395266993764","",
"Paraguay","PRY","S&P Global Equity Indices (annual % change)","CM.MKT.INDX.ZG","","","","","","","","","","","","","","","","","","","","","","","","","","","","","","","","","","","","","","","","","","","","","","","","","","","","","","","","","","",
"West Bank and Gaza","PSE","S&P Global Equity Indices (annual % change)","CM.MKT.INDX.ZG","","","","","","","","","","","","","","","","","","","","","","","","","","","","","","","","","","","","","","","","","","","","","","","","","","","","","","","","","","",
"Pacific island small states","PSS","S&P Global Equity Indices (annual % change)","CM.MKT.INDX.ZG","","","","","","","","","","","","","","","","","","","","","","","","","","","","","","","","","","","","","","","","","","","","","","","","","","","","","","","","","","",
"Post-demographic dividend","PST","S&P Global Equity Indices (annual % change)","CM.MKT.INDX.ZG","","","","","","","","","","","","","","","","","","","","","","","","","","","","","","","","","","","","","","","","","","","","","","","","","","","","","","","","","","",
"French Polynesia","PYF","S&P Global Equity Indices (annual % change)","CM.MKT.INDX.ZG","","","","","","","","","","","","","","","","","","","","","","","","","","","","","","","","","","","","","","","","","","","","","","","","","","","","","","","","","","",
"Qatar","QAT","S&P Global Equity Indices (annual % change)","CM.MKT.INDX.ZG","","","","","","","","","","","","","","","","","","","","","","","","","","","","","","","","","","","","","","","","","","","","","","","-40.334582029","35.4433645824374","","5.0577060326","27.7444003575216","3.34188168081855","-1.86271344499629","23.9744784404369","22.9955948041079","-18.6452751749112","2.18638455097946","",
"Romania","ROU","S&P Global Equity Indices (annual % change)","CM.MKT.INDX.ZG","","","","","","","","","","","","","","","","","","","","","","","","","","","","","","","","","","","","","","","-67.7399978637695","-36.5","-25.3424663544","-25.2948894501","96.6699981689","42.4599990845","99.3000030518","58.7441130298","54.2325949367","32.835342395486","-72.1774388184","26.1475689872","-6.58281668037937","-18.1629364703549","9.8017436153667","27.2900765709972","-5.15507461481016","-6.43233803115821","-1.11493617551996","",
"Russian Federation","RUS","S&P Global Equity Indices (annual % change)","CM.MKT.INDX.ZG","","","","","","","","","","","","","","","","","","","","","","","","","","","","","","","","","","","","","","","-84.2300033569","284","-32.1932258606","52.4238471985","34.7700004578","68.5","12.7600002289","64.9448197726","61.9797496693","21.942485589986","-73.4306174493","106.6326182883","21.6731212730261","-23.3773803143733","7.70214573152126","-1.70147296282037","-48.9829044466656","0.801269895162449","48.7326349215779","",
"Rwanda","RWA","S&P Global Equity Indices (annual % change)","CM.MKT.INDX.ZG","","","","","","","","","","","","","","","","","","","","","","","","","","","","","","","","","","","","","","","","","","","","","","","","","","","","","","","","","","",
"South Asia","SAS","S&P Global Equity Indices (annual % change)","CM.MKT.INDX.ZG","","","","","","","","","","","","","","","","","","","","","","","","","","","","","","","","","","","","","","","","","","","","","","","","","","","","","","","","","","",
"Saudi Arabia","SAU","S&P Global Equity Indices (annual % change)","CM.MKT.INDX.ZG","","","","","","","","","","","","","","","","","","","","","","","","","","","","","","","","","","","","","","","-26.7900009155273","42.2999992370605","","3.6900684834","3.8399999142","49.4500007629","83.5999984741","110.9887562304","-48.857268432","35.5731012998174","","28.4502300455","9.02481844167453","-3.90158189112108","4.38613556427934","23.6416884153798","-6.54024517904253","-17.7293622800039","4.00144202366766","",
"Sudan","SDN","S&P Global Equity Indices (annual % change)","CM.MKT.INDX.ZG","","","","","","","","","","","","","","","","","","","","","","","","","","","","","","","","","","","","","","","","","","","","","","","","","","","","","","","","","","",
"Senegal","SEN","S&P Global Equity Indices (annual % change)","CM.MKT.INDX.ZG","","","","","","","","","","","","","","","","","","","","","","","","","","","","","","","","","","","","","","","","","","","","","","","","","","","","","","","","","","",
"Singapore","SGP","S&P Global Equity Indices (annual % change)","CM.MKT.INDX.ZG","","","","","","","","","","","","","","","","","","","","","","","","","","","","","","","-12.4450711016463","37.8523082999225","0.880993718140521","75.9264","0.696257071138828","10.0766971509664","1.22208814972953","-46.9425803529542","-3.47663844106042","51.3163960406226","-25.9056253701934","-15.403687468677","-21.6062388008018","37.2726075312093","14.5722823079242","9.9671860447214","39.879363941342","25.9710991051238","-52.9464358215628","76.7498478393183","18.4388832648356","-21.1514394567164","28.8851496638034","-2.97623684203576","-1.06345769231789","-18.8619710546784","-0.471908497273221","",
"Solomon Islands","SLB","S&P Global Equity Indices (annual % change)","CM.MKT.INDX.ZG","","","","","","","","","","","","","","","","","","","","","","","","","","","","","","","","","","","","","","","","","","","","","","","","","","","","","","","","","","",
"Sierra Leone","SLE","S&P Global Equity Indices (annual % change)","CM.MKT.INDX.ZG","","","","","","","","","","","","","","","","","","","","","","","","","","","","","","","","","","","","","","","","","","","","","","","","","","","","","","","","","","",
"El Salvador","SLV","S&P Global Equity Indices (annual % change)","CM.MKT.INDX.ZG","","","","","","","","","","","","","","","","","","","","","","","","","","","","","","","","","","","","","","","","","","","","","","","","","","","","","","","","","","",
"San Marino","SMR","S&P Global Equity Indices (annual % change)","CM.MKT.INDX.ZG","","","","","","","","","","","","","","","","","","","","","","","","","","","","","","","","","","","","","","","","","","","","","","","","","","","","","","","","","","",
"Somalia","SOM","S&P Global Equity Indices (annual % change)","CM.MKT.INDX.ZG","","","","","","","","","","","","","","","","","","","","","","","","","","","","","","","","","","","","","","","","","","","","","","","","","","","","","","","","","","",
"Serbia","SRB","S&P Global Equity Indices (annual % change)","CM.MKT.INDX.ZG","","","","","","","","","","","","","","","","","","","","","","","","","","","","","","","","","","","","","","","","","","","","","","","","","","","","","","","","","","",
"Sub-Saharan Africa (excluding high income)","SSA","S&P Global Equity Indices (annual % change)","CM.MKT.INDX.ZG","","","","","","","","","","","","","","","","","","","","","","","","","","","","","","","","","","","","","","","","","","","","","","","","","","","","","","","","","","",
"South Sudan","SSD","S&P Global Equity Indices (annual % change)","CM.MKT.INDX.ZG","","","","","","","","","","","","","","","","","","","","","","","","","","","","","","","","","","","","","","","","","","","","","","","","","","","","","","","","","","",
"Sub-Saharan Africa","SSF","S&P Global Equity Indices (annual % change)","CM.MKT.INDX.ZG","","","","","","","","","","","","","","","","","","","","","","","","","","","","","","","","","","","","","","","","","","","","","","","","","","","","","","","","","","",
"Small states","SST","S&P Global Equity Indices (annual % change)","CM.MKT.INDX.ZG","","","","","","","","","","","","","","","","","","","","","","","","","","","","","","","","","","","","","","","","","","","","","","","","","","","","","","","","","","",
"Sao Tome and Principe","STP","S&P Global Equity Indices (annual % change)","CM.MKT.INDX.ZG","","","","","","","","","","","","","","","","","","","","","","","","","","","","","","","","","","","","","","","","","","","","","","","","","","","","","","","","","","",
"Suriname","SUR","S&P Global Equity Indices (annual % change)","CM.MKT.INDX.ZG","","","","","","","","","","","","","","","","","","","","","","","","","","","","","","","","","","","","","","","","","","","","","","","","","","","","","","","","","","",
"Slovak Republic","SVK","S&P Global Equity Indices (annual % change)","CM.MKT.INDX.ZG","","","","","","","","","","","","","","","","","","","","","","","","","","","","","","","","","","","","","","","-56.0261993408203","-24.2000007629395","0.4234724641","21.2564315796","23.5599994659","57.2200012207","41","16.6465439179","23.9918920085","57.3947826086957","-35.985945062","-23.0971974884","5.36484975466411","3.04897959186519","3.36102550693969","9.6311491014569","-10.2917924049757","5.33845932186408","4.42981087302308","",
"Slovenia","SVN","S&P Global Equity Indices (annual % change)","CM.MKT.INDX.ZG","","","","","","","","","","","","","","","","","","","","","","","","","","","","","","","","","","","","","","9.16889953613281","18.993200302124","-3.70000004768372","-9.5137910843","1.9977611303","78.25","42.0600013733","128.5","-6.9462833365","74.2746074496","94.9716435100815","-66.8533570622","16.1436392694","-20.3131725170331","-30.7419738669996","1.7513067612559","11.971569804179","2.91895225768473","-14.6760624339472","-7.33040538066519","",
"Sweden","SWE","S&P Global Equity Indices (annual % change)","CM.MKT.INDX.ZG","","","","","","","","","","","","","","","","","","","","","","","","","","","","","","","-18.9753056995237","11.5089577822073","-10.5778370746076","30.2776","16.9899506899114","31.1975392965238","35.9579696779962","10.0123923121318","7.64736761155802","71.47010798751","-20.4419598275316","-29.261283882042","-29.1009413970064","60.5145493595939","33.807144960168","9.10189070079581","44.4124328099557","-3.06442667820038","-53.1812660461098","65.9998350558372","32.5646937408722","-18.5164658047037","19.7495298439581","23.9322834510286","-8.58617833482405","-1.57193368795521","-1.46514407226561","",
"Swaziland","SWZ","S&P Global Equity Indices (annual % change)","CM.MKT.INDX.ZG","","","","","","","","","","","","","","","","","","","","","","","","","","","","","","","","","","","","","","","","","","","","","","","","","","","","","","","","","","",
"Sint Maarten (Dutch part)","SXM","S&P Global Equity Indices (annual % change)","CM.MKT.INDX.ZG","","","","","","","","","","","","","","","","","","","","","","","","","","","","","","","","","","","","","","","","","","","","","","","","","","","","","","","","","","",
"Seychelles","SYC","S&P Global Equity Indices (annual % change)","CM.MKT.INDX.ZG","","","","","","","","","","","","","","","","","","","","","","","","","","","","","","","","","","","","","","","","","","","","","","","","","","","","","","","","","","",
"Syrian Arab Republic","SYR","S&P Global Equity Indices (annual % change)","CM.MKT.INDX.ZG","","","","","","","","","","","","","","","","","","","","","","","","","","","","","","","","","","","","","","","","","","","","","","","","","","","","","","","","","","",
"Turks and Caicos Islands","TCA","S&P Global Equity Indices (annual % change)","CM.MKT.INDX.ZG","","","","","","","","","","","","","","","","","","","","","","","","","","","","","","","","","","","","","","","","","","","","","","","","","","","","","","","","","","",
"Chad","TCD","S&P Global Equity Indices (annual % change)","CM.MKT.INDX.ZG","","","","","","","","","","","","","","","","","","","","","","","","","","","","","","","","","","","","","","","","","","","","","","","","","","","","","","","","","","",
"East Asia & Pacific (IDA & IBRD countries)","TEA","S&P Global Equity Indices (annual % change)","CM.MKT.INDX.ZG","","","","","","","","","","","","","","","","","","","","","","","","","","","","","","","","","","","","","","","","","","","","","","","","","","","","","","","","","","",
"Europe & Central Asia (IDA & IBRD countries)","TEC","S&P Global Equity Indices (annual % change)","CM.MKT.INDX.ZG","","","","","","","","","","","","","","","","","","","","","","","","","","","","","","","","","","","","","","","","","","","","","","","","","","","","","","","","","","",
"Togo","TGO","S&P Global Equity Indices (annual % change)","CM.MKT.INDX.ZG","","","","","","","","","","","","","","","","","","","","","","","","","","","","","","","","","","","","","","","","","","","","","","","","","","","","","","","","","","",
"Thailand","THA","S&P Global Equity Indices (annual % change)","CM.MKT.INDX.ZG","","","","","","","","","","","","","","","","","","","","","","","","","","","","","","","","","","","","","-41.0999984741","-78.7559967041","34.3185005188","42.2999992371","-54.0934371948","3.0288345814","18.3400001526","147.1799926758","-6.4400000572","3.7896365043","6.1682397748","39.3979567963815","-50.5230769231","72.7679149069","52.1350369947895","-4.73156178649364","39.6126510634909","-12.9035599697218","15.5888783629639","-22.7753013249378","21.6414788677812","",
"Tajikistan","TJK","S&P Global Equity Indices (annual % change)","CM.MKT.INDX.ZG","","","","","","","","","","","","","","","","","","","","","","","","","","","","","","","","","","","","","","","","","","","","","","","","","","","","","","","","","","",
"Turkmenistan","TKM","S&P Global Equity Indices (annual % change)","CM.MKT.INDX.ZG","","","","","","","","","","","","","","","","","","","","","","","","","","","","","","","","","","","","","","","","","","","","","","","","","","","","","","","","","","",
"Latin America & the Caribbean (IDA & IBRD countries)","TLA","S&P Global Equity Indices (annual % change)","CM.MKT.INDX.ZG","","","","","","","","","","","","","","","","","","","","","","","","","","","","","","","","","","","","","","","","","","","","","","","","","","","","","","","","","","",
"Timor-Leste","TLS","S&P Global Equity Indices (annual % change)","CM.MKT.INDX.ZG","","","","","","","","","","","","","","","","","","","","","","","","","","","","","","","","","","","","","","","","","","","","","","","","","","","","","","","","","","",
"Middle East & North Africa (IDA & IBRD countries)","TMN","S&P Global Equity Indices (annual % change)","CM.MKT.INDX.ZG","","","","","","","","","","","","","","","","","","","","","","","","","","","","","","","","","","","","","","","","","","","","","","","","","","","","","","","","","","",
"Tonga","TON","S&P Global Equity Indices (annual % change)","CM.MKT.INDX.ZG","","","","","","","","","","","","","","","","","","","","","","","","","","","","","","","","","","","","","","","","","","","","","","","","","","","","","","","","","","",
"South Asia (IDA & IBRD)","TSA","S&P Global Equity Indices (annual % change)","CM.MKT.INDX.ZG","","","","","","","","","","","","","","","","","","","","","","","","","","","","","","","","","","","","","","","","","","","","","","","","","","","","","","","","","","",
"Sub-Saharan Africa (IDA & IBRD countries)","TSS","S&P Global Equity Indices (annual % change)","CM.MKT.INDX.ZG","","","","","","","","","","","","","","","","","","","","","","","","","","","","","","","","","","","","","","","","","","","","","","","","","","","","","","","","","","",
"Trinidad and Tobago","TTO","S&P Global Equity Indices (annual % change)","CM.MKT.INDX.ZG","","","","","","","","","","","","","","","","","","","","","","","","","","","","","","","","","","","","","","109.290199279785","17.5055999755859","-3.29999995231628","8.5283966064","1.6184849739","33.2200012207","46.7099990845","36.7999992371","-1.3493523366","-6.4895947426","-2.75813985916475","-9.9100907696","-10.217931982","0.839405844945085","26.6571387208703","14.9385510245351","7.57973265748553","1.09730061568611","-3.26232737725941","-10.3072307338827","",
"Tunisia","TUN","S&P Global Equity Indices (annual % change)","CM.MKT.INDX.ZG","","","","","","","","","","","","","","","","","","","","","","","","","","","","","","","","","","","","","","-47.0279998779297","-6.37739992141724","16.7999992370605","9.0001916885","-28.9788722992","-2.5","14.9200000763","4.1999998093","11.0993208829","47.9274116523","15.599173553719","-3.0831099196","40.5650950612","11.6628381556504","-13.4317186587606","-12.0659177445962","-11.5930007864786","-9.27375812264156","-11.4741862074652","-0.97917691171665","",
"Turkey","TUR","S&P Global Equity Indices (annual % change)","CM.MKT.INDX.ZG","","","","","","","","","","","","","","","","","","","","","","","","","","","","","","","","","","","","","42.2999992371","109.8917007446","-53.1221008301","254.5","-51.1952514648","-30.210144043","-33.4700012207","113.1999969482","32.9099998474","49.4656259382","-3.9930102236","74.8216489884726","-62.4008233309","99.6045440147","21.3688256185371","-37.0059103540285","60.6894778845162","-26.2603404537075","14.4068521345257","-32.0650914605886","-9.24035719390604","",
"Tuvalu","TUV","S&P Global Equity Indices (annual % change)","CM.MKT.INDX.ZG","","","","","","","","","","","","","","","","","","","","","","","","","","","","","","","","","","","","","","","","","","","","","","","","","","","","","","","","","","",
"Tanzania","TZA","S&P Global Equity Indices (annual % change)","CM.MKT.INDX.ZG","","","","","","","","","","","","","","","","","","","","","","","","","","","","","","","","","","","","","","","","","","","","","","","","","","","","","","","","","","",
"Uganda","UGA","S&P Global Equity Indices (annual % change)","CM.MKT.INDX.ZG","","","","","","","","","","","","","","","","","","","","","","","","","","","","","","","","","","","","","","","","","","","","","","","","","","","","","","","","","","",
"Ukraine","UKR","S&P Global Equity Indices (annual % change)","CM.MKT.INDX.ZG","","","","","","","","","","","","","","","","","","","","","","","","","","","","","","","","","","","","","","","-82.25","20.2000007629395","75.1523666382","-36.295501709","26.6800003052","40.2999992371","170.3000030518","52.8202885877","48.6466380544","112.218971358177","-82.1898922469","31.0764744535","53.8430605427367","-36.2945478151694","-4.0637284968324","-21.2669510267306","-51.504594192289","1.4577419169316","27.8001436217718","",
"Upper middle income","UMC","S&P Global Equity Indices (annual % change)","CM.MKT.INDX.ZG","","","","","","","","","","","","","","","","","","","","","","","","","","","","","","","","","","","","","","","","","","","","","","","","","","","","","","","","","","",
"Uruguay","URY","S&P Global Equity Indices (annual % change)","CM.MKT.INDX.ZG","","","","","","","","","","","","","","","","","","","","","","","","","","","","","","","","","","","","","","","","","","","","","","","","","","","","","","","","","","",
"United States","USA","S&P Global Equity Indices (annual % change)","CM.MKT.INDX.ZG","","","","","","","","","","","","","","","","","","","","","","","","","","","","","","","-6.55913978494622","26.3067046211616","4.46426430746363","7.05515136214454","-1.53928609711652","34.1106538637403","20.2636663257188","31.008181008181","26.6685902125862","19.5260447597276","-10.1391866598605","-13.0424558734511","-23.3662492313519","26.380037102777","8.99353954103466","3.00158236936154","13.619200111241","3.52920194755608","-38.4852563340138","23.4538173189184","12.7820791594404","-0.00247952856932132","13.40569","29.60125","11.3906381873661","-0.726601583369757","9.53501570496198","",
"Uzbekistan","UZB","S&P Global Equity Indices (annual % change)","CM.MKT.INDX.ZG","","","","","","","","","","","","","","","","","","","","","","","","","","","","","","","","","","","","","","","","","","","","","","","","","","","","","","","","","","",
"St. Vincent and the Grenadines","VCT","S&P Global Equity Indices (annual % change)","CM.MKT.INDX.ZG","","","","","","","","","","","","","","","","","","","","","","","","","","","","","","","","","","","","","","","","","","","","","","","","","","","","","","","","","","",
"Venezuela, RB","VEN","S&P Global Equity Indices (annual % change)","CM.MKT.INDX.ZG","","","","","","","","","","","","","","","","","","","","","","","","","","","","","","","","","","","","","117.699996948242","25.6905994415283","-50.4567985534668","-12.3999996185303","18.7352104187","-20.1183052063","-35.1300010681","14.3000001907","-50.4000015259","-21.9940062861","79.0432908545727","","","","","","","","","","","",
"British Virgin Islands","VGB","S&P Global Equity Indices (annual % change)","CM.MKT.INDX.ZG","","","","","","","","","","","","","","","","","","","","","","","","","","","","","","","","","","","","","","","","","","","","","","","","","","","","","","","","","","",
"Virgin Islands (U.S.)","VIR","S&P Global Equity Indices (annual % change)","CM.MKT.INDX.ZG","","","","","","","","","","","","","","","","","","","","","","","","","","","","","","","","","","","","","","","","","","","","","","","","","","","","","","","","","","",
"Vietnam","VNM","S&P Global Equity Indices (annual % change)","CM.MKT.INDX.ZG","","","","","","","","","","","","","","","","","","","","","","","","","","","","","","","","","","","","","","","","","","","","","","","","10.744062373248","-68.1764538314","46.9332430068","0.480535164607687","-26.8171740731691","19.940316658913","5.09392092006518","7.50950504531087","-7.15948558641091","-0.603722192577227","",
"Vanuatu","VUT","S&P Global Equity Indices (annual % change)","CM.MKT.INDX.ZG","","","","","","","","","","","","","","","","","","","","","","","","","","","","","","","","","","","","","","","","","","","","","","","","","","","","","","","","","","",
"World","WLD","S&P Global Equity Indices (annual % change)","CM.MKT.INDX.ZG","","","","","","","","","","","","","","","","","","","","","","","","","","","","","","","","","","","","","","","","","","","","","","","","","","","","","","","","","","",
"Samoa","WSM","S&P Global Equity Indices (annual % change)","CM.MKT.INDX.ZG","","","","","","","","","","","","","","","","","","","","","","","","","","","","","","","","","","","","","","","","","","","","","","","","","","","","","","","","","","",
"Kosovo","XKX","S&P Global Equity Indices (annual % change)","CM.MKT.INDX.ZG","","","","","","","","","","","","","","","","","","","","","","","","","","","","","","","","","","","","","","","","","","","","","","","","","","","","","","","","","","",
"Yemen, Rep.","YEM","S&P Global Equity Indices (annual % change)","CM.MKT.INDX.ZG","","","","","","","","","","","","","","","","","","","","","","","","","","","","","","","","","","","","","","","","","","","","","","","","","","","","","","","","","","",
"South Africa","ZAF","S&P Global Equity Indices (annual % change)","CM.MKT.INDX.ZG","","","","","","","","","","","","","","","","","","","","","","","","","","","","","","","","","","","","","-19.2000007629","-13.8247995377","-30.349899292","56.0999984741","-17.2560253143","-22.1349487305","44.9199981689","37.5999984741","50.0999984741","24.7863701502","17.2047126877","15.542894469444","-41.7082822953","53.736430394","32.0866977540424","-17.4161791177776","15.7488701987344","-7.4468329215902","3.86444515255844","-26.6224993967534","17.6169321671275","",
"Zambia","ZMB","S&P Global Equity Indices (annual % change)","CM.MKT.INDX.ZG","","","","","","","","","","","","","","","","","","","","","","","","","","","","","","","","","","","","","","","","","","","","","","","","","","16.6780416883","17.3890813568027","-1.2948006779361","-3.47325729988206","39.8671680713953","-3.95724955177771","-45.6083737225729","-19.3295925225028","",
"Zimbabwe","ZWE","S&P Global Equity Indices (annual % change)","CM.MKT.INDX.ZG","","","","","","","","","","","","","","","","","","","","","","","","","","","","","","","","","","","","","72.4000015258789","-46.8391990661621","-58.146900177002","140.600006103516","-24.5719242096","134.2766723633","97.9400024414","-74.7600021362","-26.7000007629","36.5822595145","912.2812791399","-83.7869617283215","","","","","","","","","","",
